<?xml version="1.0" encoding="UTF-8" standalone="no"?>
<pack>
    <actor adamp="0.0" ascale="true" atlasID="0" bodytype="2" continuous="true" desc="" eventsnippetid="2" fixedrot="true" fric="0.2" gid="5" id="4" ignoreg="true" inertia="1.0" ldamp="0.0" mass="1.0" name="BUllets" oid="-1" pausable="true" physicsMode="0" rest="0.0" shared="false" sprite="5" static="false">
        <snippets/>
    </actor>
    <sprite atlasID="0" default="0" defaultAnimation="0" desc="" height="8" id="5" name="BUllets" shared="false" width="8">
        <anim across="2" down="2" durations="100,100,100" height="16" id="0" loop="true" name="Animation 0" numframes="3" originx="4" originy="4" sync="false" version="2" width="16">
            <poly data="4,0,0,8,0,8,8,0,8" density="0.1" fric="0.2" gid="-1000" id="0" name="Animation 0" rest="0.0" sensor="false"/>
        </anim>
    </sprite>
    <actor adamp="0.0" ascale="true" atlasID="0" bodytype="1" continuous="true" desc="" eventsnippetid="1" fixedrot="true" fric="0.2" gid="4" id="2" ignoreg="false" inertia="1.0" ldamp="0.0" mass="1.0" name="Enemy Ship" oid="-1" pausable="true" physicsMode="0" rest="0.0" shared="false" sprite="3" static="false">
        <snippets/>
    </actor>
    <sprite atlasID="0" default="0" defaultAnimation="0" desc="" height="16" id="3" name="Enemy Ship" shared="false" width="16">
        <anim across="1" down="1" durations="100" height="16" id="0" loop="true" name="Animation 0" numframes="1" originx="8" originy="8" sync="false" version="2" width="16">
            <poly data="4,0,0,16,0,16,16,0,16" density="0.1" fric="0.2" gid="-1000" id="0" name="Animation 0" rest="0.0" sensor="false"/>
        </anim>
    </sprite>
    <music atlasID="0" desc="" id="8" loop="true" name="Explosion" oid="-1" pan="0" shared="false" stream="false" type="mp3" volume="1"/>
    <music atlasID="0" desc="" id="7" loop="true" name="Pew Pew" oid="-1" pan="0" shared="false" stream="false" type="mp3" volume="1"/>
    <actor adamp="0.0" ascale="true" atlasID="0" bodytype="1" continuous="true" desc="" eventsnippetid="0" fixedrot="true" fric="0.2" gid="0" id="0" ignoreg="true" inertia="1.0" ldamp="0.0" mass="1.0" name="Ship" oid="-1" pausable="true" physicsMode="0" rest="0.0" shared="false" sprite="1" static="false">
        <snippets/>
    </actor>
    <sprite atlasID="0" default="0" defaultAnimation="0" desc="" height="13" id="1" name="Ship" shared="false" width="9">
        <anim across="2" down="2" durations="100,100,100,100" height="26" id="0" loop="true" name="Flying" numframes="4" originx="4" originy="6" sync="false" version="2" width="18">
            <poly data="4,0,0,9,0,9,13,0,13" density="0.1" fric="0.2" gid="-1000" id="0" name="Flying" rest="0.0" sensor="false"/>
        </anim>
    </sprite>
    <background atlasID="0" desc="" durations="100" dx="-0.0" dy="-0.0" height="175" id="6" name="Stars" numframes="1" oid="-1" repeats="true" resized="false" shared="false" width="160" xpf="1.0" ypf="1.0"/>
</pack>
