<?xml version="1.0" encoding="UTF-8" standalone="no"?>
<scene depth="4" desc="" eventsnippetid="14" extheight="544" extwidth="704" extx="-32" exty="-32" format="3.4.0" gravx="-0.0" gravy="0.0" height="480" id="0" name="Maze 1" revision="" savecount="0" tiled="1" tileh="32" tilew="32" type="standard" width="640">
    <layers>
        <color-bg blue="255" green="255" red="255"/>
        <layer blendMode="normal" color="255,200,0" id="3" locked="false" name="Layer 3" opacity="100" order="3" scrollFactorX="1.0" scrollFactorY="1.0" visible="true"/>
        <layer blendMode="normal" color="100,168,234" id="0" locked="false" name="Floor" opacity="100" order="2" scrollFactorX="1.0" scrollFactorY="1.0" visible="true"/>
        <layer blendMode="normal" color="0,0,255" id="1" locked="false" name="Roof" opacity="100" order="1" scrollFactorX="1.0" scrollFactorY="1.0" visible="true"/>
        <layer blendMode="normal" color="0,255,0" id="2" locked="false" name="Instructions" opacity="100" order="0" scrollFactorX="1.0" scrollFactorY="1.0" visible="true"/>
    </layers>
    <joints/>
    <regions>
        <region b="64" g="64" h="21" id="0" name="Exit1" pts="4,17.0,0.0,17.0,21.0,0.0,21.0,0.0,0.0" r="64" type="box" w="17" x="519" y="357"/>
    </regions>
    <terrainRegions/>
    <actors>
        <actor a="0.0" aid="3" c="true" group="3" id="39" name="Switch 3" sx="1.0" sy="1.0" x="288" y="96" z="0">
            <snippets>
                <s enabled="true" id="7">
                    <prop id="2147483647" list="0" val="thisactor"/>
                    <prop id="1" list="0" val="4"/>
                    <prop id="2" list="0" val="47"/>
                </s>
            </snippets>
        </actor>
        <actor a="0.0" aid="4" c="false" group="3" id="45" name="Block 4" sx="1.0" sy="1.0" x="481" y="192" z="0"/>
        <actor a="0.0" aid="6" c="true" group="3" id="48" name="Stairs 6" sx="1.0" sy="1.0" x="512" y="352" z="0">
            <snippets/>
        </actor>
        <actor a="0.0" aid="7" c="false" group="0" id="0" name="Player 7" sx="1.0" sy="1.0" x="32" y="32" z="1"/>
        <actor a="0.0" aid="9" c="false" group="2" id="52" name="Up Button 9" sx="1.0" sy="1.0" x="64" y="192" z="2"/>
        <actor a="0.0" aid="10" c="false" group="2" id="56" name="Left Button 10" sx="1.0" sy="1.0" x="0" y="224" z="2"/>
        <actor a="0.0" aid="11" c="false" group="2" id="54" name="Right Button 11" sx="1.0" sy="1.0" x="128" y="224" z="2"/>
        <actor a="0.0" aid="12" c="false" group="2" id="58" name="Down Button 12" sx="1.0" sy="1.0" x="64" y="256" z="2"/>
        <actor a="0.0" aid="13" c="false" group="2" id="60" name="Action Button 13" sx="1.0" sy="1.0" x="416" y="224" z="2"/>
    </actors>
    <snippets>
        <s enabled="true" id="6">
            <prop id="1" list="0" val="0"/>
            <prop id="2" list="0" val="0"/>
            <prop id="3" list="0" val="false"/>
            <prop id="4" list="0" val="7"/>
        </s>
    </snippets>
    <terrain>
        <p pts="46,0.0,0.0,0.0,416.0,352.0,416.0,352.0,384.0,32.0,384.0,32.0,224.0,64.0,224.0,64.0,352.0,384.0,352.0,384.0,416.0,416.0,416.0,416.0,64.0,384.0,64.0,384.0,320.0,96.0,320.0,96.0,288.0,128.0,288.0,128.0,224.0,96.0,224.0,96.0,192.0,224.0,192.0,224.0,224.0,256.0,224.0,256.0,192.0,288.0,192.0,288.0,256.0,192.0,256.0,192.0,224.0,160.0,224.0,160.0,288.0,320.0,288.0,320.0,192.0,352.0,192.0,352.0,32.0,448.0,32.0,448.0,352.0,512.0,352.0,512.0,320.0,480.0,320.0,480.0,32.0,544.0,32.0,544.0,384.0,448.0,384.0,448.0,416.0,576.0,416.0,576.0,0.0" x="32.0" y="32.0"/>
        <p pts="6,640.0,480.0,0.0,480.0,0.0,32.0,32.0,32.0,32.0,0.0,640.0,0.0" x="0.0" y="0.0"/>
        <p pts="16,128.0,96.0,96.0,96.0,96.0,128.0,0.0,128.0,0.0,0.0,224.0,0.0,224.0,128.0,192.0,128.0,192.0,32.0,32.0,32.0,32.0,96.0,64.0,96.0,64.0,64.0,160.0,64.0,160.0,128.0,128.0,128.0" x="128.0" y="64.0"/>
        <p pts="4,0.0,0.0,32.0,0.0,32.0,96.0,0.0,96.0" x="64.0" y="128.0"/>
    </terrain>
    <atlases members="" retainAtlases="true"/>
</scene>
