<?xml version="1.0" encoding="UTF-8" standalone="no"?>
<scene depth="1" desc="" eventsnippetid="26" extheight="384" extwidth="544" extx="-32" exty="-32" format="2.1" gravx="-0.0" gravy="0.0" height="320" id="1" name="Pre Game" revision="" savecount="0" tiled="1" tileh="32" tilew="32" type="standard" width="480">
    <layers>
        <layer color="100,168,234" id="0" name="Layer 0" order="0"/>
    </layers>
    <color-bg blue="0" green="0" red="0"/>
    <backgrounds/>
    <foregrounds/>
    <joints/>
    <regions/>
    <terrainRegions/>
    <actors/>
    <snippets/>
    <terrain/>
</scene>
