<?xml version="1.0" encoding="UTF-8" standalone="no"?>
<scene depth="3" desc="" eventsnippetid="16" extheight="544" extwidth="704" extx="-32" exty="-32" format="2.1" gravx="-0.0" gravy="0.0" height="480" id="2" name="Maze 2" revision="" savecount="0" tiled="1" tileh="32" tilew="32" type="standard" width="640">
    <layers>
        <layer color="0,255,0" id="2" name="Instructions" order="2"/>
        <layer color="0,0,255" id="1" name="Roof" order="3"/>
        <layer color="100,168,234" id="0" name="Floor" order="4"/>
    </layers>
    <color-bg blue="255" green="255" red="255"/>
    <backgrounds/>
    <foregrounds/>
    <joints/>
    <regions>
        <region b="64" g="64" h="18" id="0" name="Exit2" pts="4,0.0,0.0,0.0,18.0,21.0,18.0,21.0,0.0" r="64" type="box" w="21" x="325" y="422"/>
    </regions>
    <terrainRegions/>
    <actors>
        <actor a="0.0" aid="1" c="false" group="0" id="0" name="Player 1" sx="1.0" sy="1.0" x="288" y="186" z="1"/>
        <actor a="0.0" aid="2" c="false" group="3" id="45" name="Block 2" sx="1.0" sy="1.0" x="224" y="384" z="0"/>
        <actor a="0.0" aid="3" c="true" group="3" id="39" name="Switch 3" sx="1.0" sy="1.0" x="32" y="32" z="0">
            <snippets>
                <s enabled="true" id="7">
                    <prop id="1" list="0" val="2"/>
                    <prop id="2" list="0" val="47"/>
                    <prop id="2147483647" list="0" val="thisactor"/>
                </s>
            </snippets>
        </actor>
        <actor a="0.0" aid="4" c="true" group="3" id="48" name="Stairs 4" sx="1.0" sy="1.0" x="320" y="416" z="0">
            <snippets>
                <s enabled="true" id="11">
                    <prop id="1" list="0" val="0"/>
                    <prop id="2147483647" list="0" val="thisactor"/>
                </s>
            </snippets>
        </actor>
        <actor a="0.0" aid="5" c="false" group="2" id="52" name="Up Button 5" sx="1.0" sy="1.0" x="64" y="192" z="2"/>
        <actor a="0.0" aid="6" c="false" group="2" id="54" name="Right Button 6" sx="1.0" sy="1.0" x="128" y="224" z="2"/>
        <actor a="0.0" aid="7" c="false" group="2" id="56" name="Left Button 7" sx="1.0" sy="1.0" x="0" y="224" z="2"/>
        <actor a="0.0" aid="8" c="false" group="2" id="58" name="Down Button 8" sx="1.0" sy="1.0" x="64" y="256" z="2"/>
        <actor a="0.0" aid="9" c="false" group="2" id="60" name="Action Button 9" sx="1.0" sy="1.0" x="416" y="224" z="2"/>
    </actors>
    <snippets>
        <s enabled="true" id="6">
            <prop id="1" list="0" val="0"/>
            <prop id="2" list="0" val="0"/>
            <prop id="3" list="0" val="false"/>
            <prop id="4" list="0" val="1"/>
        </s>
    </snippets>
    <terrain>
        <p pts="28,224.0,192.0,192.0,192.0,192.0,224.0,96.0,224.0,96.0,192.0,0.0,192.0,0.0,160.0,128.0,160.0,128.0,192.0,160.0,192.0,160.0,160.0,320.0,160.0,320.0,32.0,288.0,32.0,288.0,128.0,256.0,128.0,256.0,32.0,224.0,32.0,224.0,128.0,192.0,128.0,192.0,0.0,352.0,0.0,352.0,288.0,320.0,288.0,320.0,224.0,288.0,224.0,288.0,288.0,224.0,288.0" x="128.0" y="64.0"/>
        <p pts="4,640.0,480.0,0.0,480.0,0.0,0.0,640.0,0.0" x="0.0" y="0.0"/>
        <p pts="36,576.0,416.0,576.0,0.0,0.0,0.0,0.0,416.0,128.0,416.0,128.0,384.0,32.0,384.0,32.0,224.0,64.0,224.0,64.0,352.0,160.0,352.0,160.0,320.0,96.0,320.0,96.0,288.0,128.0,288.0,128.0,256.0,160.0,256.0,160.0,288.0,288.0,288.0,288.0,320.0,192.0,320.0,192.0,416.0,320.0,416.0,320.0,384.0,224.0,384.0,224.0,352.0,384.0,352.0,384.0,416.0,416.0,416.0,416.0,352.0,512.0,352.0,512.0,320.0,544.0,320.0,544.0,384.0,480.0,384.0,480.0,416.0" x="32.0" y="32.0"/>
        <p pts="22,96.0,32.0,96.0,96.0,128.0,96.0,128.0,64.0,224.0,64.0,224.0,128.0,192.0,128.0,192.0,96.0,160.0,96.0,160.0,128.0,64.0,128.0,64.0,64.0,32.0,64.0,32.0,160.0,0.0,160.0,0.0,0.0,32.0,0.0,32.0,32.0,64.0,32.0,64.0,0.0,224.0,0.0,224.0,32.0" x="64.0" y="64.0"/>
        <p pts="4,64.0,0.0,64.0,256.0,0.0,256.0,0.0,0.0" x="512.0" y="64.0"/>
    </terrain>
</scene>
