<?xml version="1.0" encoding="UTF-8" standalone="no"?>
<game accelFramerate="0" adsPosition="0" aheight="320" androidMinVersion="0" androidTargetVersion="7" antialias="false" appName="My Game" appType="0" atlasBindingDefault="false" author="" authorURL="" autoRotate="false" awidth="480" backgroundColor="-15592942" barBackgroundColor="-12303292" barColor="-7829368" barHeight="8" barLocation="0" barOffsetX="0" barOffsetXPhone="0" barOffsetXTablet="0" barOffsetY="0" barOffsetYPhone="0" barOffsetYTablet="0" barScalePhone="1.0" barScaleTablet="2.0" barWidth="120" bindAllAtlasesDefault="false" borderColor="-12303292" borderThickness="2" bundleID="com.yourcompany.gamename" bundleVersion="1.0" checksum="none" cws-desc="" cws-icon128="" cws-icon16="" cws-name="" cws-version="" default="0" defaultFramerate="60" defaultSceneID="0" desc="Simple maze game. Includes 4 Way Movement, a Switch Scene behavior and a switch behavior for opening up inaccessible  locations in the maze." desktopScale="1x" desktopScaleMode="1" disableBackButton="false" enableGPG="false" enablePurchases="false" format="3.4.0" gameid="-1" googleAppID="" haxeExtras="" height="320" internalVersion="1" internalVersionIOS="1" kit="true" lockURL="" macBundleID="com.yourcompany.gamename" maxScaleAndroid="4x" maxScaleDesktop="4x" maxScaleIOS="4x" maxScaleWeb="4x" metroColor="-12566464" multitouch="true" name="First Game" openflExtras="" openflLegacy="true" orientation="1" physicsMode="0" pixelsnap="false" preloaderstyle="0" products="" scale="1" scaleModeAndroid="0" scaleModeDesktop="0" scaleModeIOS="0" scaleModeWeb="0" showAds="false" simulatorOS="0.0" simulatorTargetOS="0.0" splashStyle="0" startInFullScreenDesktop="false" startInFullScreenWeb="false" swfHeight="0" swfWidth="0" swfX="0" swfY="0" swfloc="" telemetry="false" testAds="false" useGlossyIcon="false" webScale="1x" width="480" windowsAppName="" windowsAuthor="" windowsBundleID="com.yourcompany.gamename">
    <keys androidAlias="" androidCert="" androidPassword="" androidPublicKey="" cpmID="4738QF16B2AFF" iosTeamID="" ioswhirlKey="" ioswhirlKey1="" ngID="" ngKey="" p12="" p12pwd="" prov-adhoc="" prov-store="" whirlKey="" whirlKey1=""/>
    <exts>
        <e enabled="false" id="date"/>
        <e enabled="false" id="dialog"/>
        <e enabled="false" id="test"/>
        <e enabled="false" id="myplaygames"/>
        <e enabled="false" id="test-native"/>
        <e enabled="false" id="spine"/>
        <e enabled="false" id="label"/>
        <e enabled="false" id="admob"/>
        <e enabled="false" id="attribute-saving"/>
        <e enabled="false" id="tileapi"/>
        <e enabled="false" id="test-flash"/>
    </exts>
    <scales>
        <scale detailed="1x" id="0" name="1x" size="1.0"/>
        <scale detailed="1.5x" id="1" name="1.5x" size="1.5"/>
        <scale detailed="2x" id="2" name="2x" size="2.0"/>
        <scale detailed="3x" id="3" name="3x" size="3.0"/>
        <scale detailed="4x" id="4" name="4x" size="4.0"/>
    </scales>
    <projectScales>
        <scale enabled="true" name="1x"/>
        <scale enabled="true" name="1.5x"/>
        <scale enabled="true" name="2x"/>
        <scale enabled="true" name="3x"/>
        <scale enabled="true" name="4x"/>
    </projectScales>
    <webScales>
        <scale enabled="true" name="1x"/>
        <scale enabled="true" name="1.5x"/>
        <scale enabled="true" name="2x"/>
        <scale enabled="false" name="3x"/>
        <scale enabled="true" name="4x"/>
    </webScales>
    <desktopScales>
        <scale enabled="true" name="1x"/>
        <scale enabled="true" name="1.5x"/>
        <scale enabled="true" name="2x"/>
        <scale enabled="false" name="3x"/>
        <scale enabled="true" name="4x"/>
    </desktopScales>
    <iOSScales>
        <scale enabled="true" name="1x"/>
        <scale enabled="true" name="1.5x"/>
        <scale enabled="true" name="2x"/>
        <scale enabled="false" name="3x"/>
        <scale enabled="true" name="4x"/>
    </iOSScales>
    <androidScales>
        <scale enabled="true" name="1x"/>
        <scale enabled="true" name="1.5x"/>
        <scale enabled="true" name="2x"/>
        <scale enabled="false" name="3x"/>
        <scale enabled="true" name="4x"/>
    </androidScales>
    <folders>
        <group desc="" id="0" name="Buttons" type="actortype">
            <r id="52"/>
            <r id="54"/>
            <r id="56"/>
            <r id="58"/>
            <r id="60"/>
        </group>
    </folders>
    <packs/>
    <groups/>
    <cgroups>
        <cgroup g1="0" g2="1"/>
        <cgroup g1="0" g2="3"/>
        <cgroup g1="1" g2="3"/>
        <cgroup g1="3" g2="3"/>
    </cgroups>
    <input>
        <key id="1" keyname="LEFT" name="left" vk="37" vks="37"/>
        <key id="3" keyname="DOWN" name="down" vk="40" vks="40"/>
        <key id="5" keyname="RIGHT" name="right" vk="39" vks="39"/>
        <key id="6" keyname="UP" name="up" vk="38" vks="38"/>
        <key id="7" keyname="A" name="Action 1" vk="65" vks="65,32"/>
    </input>
    <attcats>
        <cat id="-1" name="Default"/>
    </attcats>
    <props>
        <p name="phys.gravy" value=""/>
        <p name="phys.gravx" value=""/>
    </props>
    <attributes>
        <boolean cid="-1" id="0" name="firstTime" save="true" value="true"/>
    </attributes>
    <collisions>
        <poly id="1" name="Square" pts="0.0,0.0#0.0,1.0#1.0,1.0#1.0,0.0"/>
    </collisions>
    <autotileFormats/>
    <atlases>
        <atlas allScenes="true" desc="" dirty="true" id="0" members="0,39,45,47,48,50,52,54,56,58,60,62,31," name="Main Atlas (Default)" pvr="false" resize="0" target="0"/>
        <atlas allScenes="true" desc="" dirty="true" id="1" members="" name="Atlas 2" pvr="false" resize="0" target="0"/>
        <atlas allScenes="true" desc="" dirty="true" id="2" members="" name="Atlas 3" pvr="false" resize="0" target="0"/>
        <atlas allScenes="true" desc="" dirty="true" id="3" members="" name="Atlas 4" pvr="false" resize="0" target="0"/>
        <atlas allScenes="true" desc="" dirty="true" id="4" members="" name="Atlas 5" pvr="false" resize="0" target="0"/>
        <atlas allScenes="true" desc="" dirty="true" id="5" members="" name="Atlas 6" pvr="false" resize="0" target="0"/>
        <atlas allScenes="true" desc="" dirty="true" id="6" members="" name="Atlas 7" pvr="false" resize="0" target="0"/>
        <atlas allScenes="true" desc="" dirty="true" id="7" members="" name="Atlas 8" pvr="false" resize="0" target="0"/>
        <atlas allScenes="true" desc="" dirty="true" id="8" members="" name="Atlas 9" pvr="false" resize="0" target="0"/>
        <atlas allScenes="true" desc="" dirty="true" id="9" members="" name="Atlas 10" pvr="false" resize="0" target="0"/>
        <atlas allScenes="true" desc="" dirty="true" id="10" members="" name="Atlas 11" pvr="false" resize="0" target="0"/>
        <atlas allScenes="true" desc="" dirty="true" id="11" members="" name="Atlas 12" pvr="false" resize="0" target="0"/>
        <atlas allScenes="true" desc="" dirty="true" id="12" members="" name="Atlas 13" pvr="false" resize="0" target="0"/>
        <atlas allScenes="true" desc="" dirty="true" id="13" members="" name="Atlas 14" pvr="false" resize="0" target="0"/>
        <atlas allScenes="true" desc="" dirty="true" id="14" members="" name="Atlas 15" pvr="false" resize="0" target="0"/>
        <atlas allScenes="true" desc="" dirty="true" id="15" members="" name="Atlas 16" pvr="false" resize="0" target="0"/>
        <atlas allScenes="true" desc="" dirty="true" id="16" members="" name="Atlas 17" pvr="false" resize="0" target="0"/>
        <atlas allScenes="true" desc="" dirty="true" id="17" members="" name="Atlas 18" pvr="false" resize="0" target="0"/>
        <atlas allScenes="true" desc="" dirty="true" id="18" members="" name="Atlas 19" pvr="false" resize="0" target="0"/>
        <atlas allScenes="true" desc="" dirty="true" id="19" members="" name="Atlas 20" pvr="false" resize="0" target="0"/>
        <atlas allScenes="true" desc="" dirty="true" id="20" members="" name="Atlas 21" pvr="false" resize="0" target="0"/>
        <atlas allScenes="true" desc="" dirty="true" id="21" members="" name="Atlas 22" pvr="false" resize="0" target="0"/>
        <atlas allScenes="true" desc="" dirty="true" id="22" members="" name="Atlas 23" pvr="false" resize="0" target="0"/>
        <atlas allScenes="true" desc="" dirty="true" id="23" members="" name="Atlas 24" pvr="false" resize="0" target="0"/>
        <atlas allScenes="true" desc="" dirty="true" id="24" members="" name="Atlas 25" pvr="false" resize="0" target="0"/>
        <atlas allScenes="true" desc="" dirty="true" id="25" members="" name="Atlas 26" pvr="false" resize="0" target="0"/>
        <atlas allScenes="true" desc="" dirty="true" id="26" members="" name="Atlas 27" pvr="false" resize="0" target="0"/>
        <atlas allScenes="true" desc="" dirty="true" id="27" members="" name="Atlas 28" pvr="false" resize="0" target="0"/>
        <atlas allScenes="true" desc="" dirty="true" id="28" members="" name="Atlas 29" pvr="false" resize="0" target="0"/>
        <atlas allScenes="true" desc="" dirty="true" id="29" members="" name="Atlas 30" pvr="false" resize="0" target="0"/>
        <atlas allScenes="true" desc="" dirty="true" id="30" members="" name="Atlas 31" pvr="false" resize="0" target="0"/>
        <atlas allScenes="true" desc="" dirty="true" id="31" members="" name="Atlas 32" pvr="false" resize="0" target="0"/>
    </atlases>
    <libraries/>
</game>
