<?xml version="1.0" encoding="UTF-8" standalone="no"?>
<scene depth="1" desc="" eventsnippetid="3" extheight="544" extwidth="704" extx="-32" exty="-32" format="3.4.0" gravx="-0.0" gravy="0.0" height="480" id="0" name="Level1" revision="" savecount="0" tiled="1" tileh="32" tilew="32" type="standard" width="640">
    <layers>
        <color-bg blue="255" green="255" red="255"/>
        <background blendMode="normal" customScrollFactor="false" id="1" locked="true" name="Stars" opacity="100" order="1" rid="6" scrollFactorX="1.0" scrollFactorY="1.0" visible="true"/>
        <layer blendMode="normal" color="128,128,128" id="0" locked="false" name="Layer 0" opacity="100" order="0" scrollFactorX="1.0" scrollFactorY="1.0" visible="true"/>
    </layers>
    <joints/>
    <regions/>
    <terrainRegions>
        <terrainRegion b="64" g="64" group="1" h="40" id="0" name="Terrain 0" pts="4,62.0,0.0,62.0,40.0,0.0,40.0,0.0,0.0" r="64" type="box" w="62" x="159" y="-2"/>
    </terrainRegions>
    <actors>
        <actor a="0.0" aid="1" c="false" group="5" id="4" name="BUllets 1" sx="1.0" sy="1.0" x="75" y="21" z="0"/>
        <actor a="0.0" aid="2" c="false" group="0" id="0" name="Ship 2" sx="1.0" sy="1.0" x="332" y="431" z="0"/>
        <actor a="0.0" aid="3" c="false" group="4" id="2" name="Enemy Ship 3" sx="1.0" sy="1.0" x="137" y="110" z="0"/>
        <actor a="0.0" aid="4" c="false" group="4" id="2" name="Enemy Ship 4" sx="1.0" sy="1.0" x="343" y="100" z="0"/>
        <actor a="0.0" aid="5" c="false" group="4" id="2" name="Enemy Ship 5" sx="1.0" sy="1.0" x="302" y="175" z="0"/>
        <actor a="0.0" aid="6" c="false" group="4" id="2" name="Enemy Ship 6" sx="1.0" sy="1.0" x="230" y="27" z="0"/>
        <actor a="0.0" aid="7" c="false" group="4" id="2" name="Enemy Ship 7" sx="1.0" sy="1.0" x="243" y="27" z="0"/>
        <actor a="0.0" aid="8" c="false" group="4" id="2" name="Enemy Ship 8" sx="1.0" sy="1.0" x="265" y="27" z="0"/>
        <actor a="0.0" aid="9" c="false" group="4" id="2" name="Enemy Ship 9" sx="1.0" sy="1.0" x="288" y="27" z="0"/>
        <actor a="0.0" aid="10" c="false" group="4" id="2" name="Enemy Ship 10" sx="1.0" sy="1.0" x="200" y="47" z="0"/>
        <actor a="0.0" aid="11" c="false" group="4" id="2" name="Enemy Ship 11" sx="1.0" sy="1.0" x="214" y="46" z="0"/>
        <actor a="0.0" aid="12" c="false" group="4" id="2" name="Enemy Ship 12" sx="1.0" sy="1.0" x="238" y="46" z="0"/>
        <actor a="0.0" aid="13" c="false" group="4" id="2" name="Enemy Ship 13" sx="1.0" sy="1.0" x="260" y="47" z="0"/>
        <actor a="0.0" aid="14" c="false" group="4" id="2" name="Enemy Ship 14" sx="1.0" sy="1.0" x="283" y="47" z="0"/>
        <actor a="0.0" aid="15" c="false" group="4" id="2" name="Enemy Ship 15" sx="1.0" sy="1.0" x="225" y="61" z="0"/>
        <actor a="0.0" aid="16" c="false" group="4" id="2" name="Enemy Ship 16" sx="1.0" sy="1.0" x="238" y="61" z="0"/>
        <actor a="0.0" aid="17" c="false" group="4" id="2" name="Enemy Ship 17" sx="1.0" sy="1.0" x="247" y="62" z="0"/>
        <actor a="0.0" aid="18" c="false" group="4" id="2" name="Enemy Ship 18" sx="1.0" sy="1.0" x="252" y="62" z="0"/>
        <actor a="0.0" aid="19" c="false" group="4" id="2" name="Enemy Ship 19" sx="1.0" sy="1.0" x="269" y="60" z="0"/>
        <actor a="0.0" aid="20" c="false" group="4" id="2" name="Enemy Ship 20" sx="1.0" sy="1.0" x="274" y="60" z="0"/>
        <actor a="0.0" aid="21" c="false" group="4" id="2" name="Enemy Ship 21" sx="1.0" sy="1.0" x="294" y="61" z="0"/>
        <actor a="0.0" aid="22" c="false" group="4" id="2" name="Enemy Ship 22" sx="1.0" sy="1.0" x="529" y="69" z="0"/>
        <actor a="0.0" aid="23" c="false" group="4" id="2" name="Enemy Ship 23" sx="1.0" sy="1.0" x="522" y="66" z="0"/>
        <actor a="0.0" aid="24" c="false" group="4" id="2" name="Enemy Ship 24" sx="1.0" sy="1.0" x="514" y="63" z="0"/>
        <actor a="0.0" aid="25" c="false" group="4" id="2" name="Enemy Ship 25" sx="1.0" sy="1.0" x="505" y="60" z="0"/>
        <actor a="0.0" aid="26" c="false" group="4" id="2" name="Enemy Ship 26" sx="1.0" sy="1.0" x="507" y="55" z="0"/>
        <actor a="0.0" aid="27" c="false" group="4" id="2" name="Enemy Ship 27" sx="1.0" sy="1.0" x="420" y="126" z="0"/>
        <actor a="0.0" aid="28" c="false" group="4" id="2" name="Enemy Ship 28" sx="1.0" sy="1.0" x="227" y="191" z="0"/>
        <actor a="0.0" aid="29" c="false" group="4" id="2" name="Enemy Ship 29" sx="1.0" sy="1.0" x="295" y="39" z="0"/>
    </actors>
    <snippets/>
    <terrain/>
    <atlases members="" retainAtlases="true"/>
</scene>
